user1,Aurora,Brown,AuroraBrown@gmail.com,15319
user2,Hazel,Guo,HazelGuo@gmail.com,15266
user3,Noah,Anderson,NoahAnderson@gmail.com,15364
user4,Aria,Zhu,AriaZhu@gmail.com,15360
user5,Leo,Perez,LeoPerez@gmail.com,15386
user6,Gabriel,Tang,GabrielTang@gmail.com,15398
user7,Iris,Williams,IrisWilliams@gmail.com,15311
user8,Lucas,Robinson,LucasRobinson@gmail.com,15414
user9,Landon,Clark,LandonClark@gmail.com,15300
user10,Alex,Rodriguez,AlexRodriguez@gmail.com,15229
