user1,Adeline,Brown,AdelineBrown@gmail.com,15308
user2,Charlotte,Taylor,CharlotteTaylor@gmail.com,15314
user3,Caleb,Smith,CalebSmith@gmail.com,15212
user4,Sebastian,Martin,SebastianMartin@gmail.com,15267
user5,Nora,Lopez,NoraLopez@gmail.com,15211
user6,Aria,Ming,AriaMing@gmail.com,15256
user7,Lucas,Jones,LucasJones@gmail.com,15423
user8,Scarlett,Johnson,ScarlettJohnson@gmail.com,15362
user9,Everett,Martin,EverettMartin@gmail.com,15391
user10,Theo,Garcia,TheoGarcia@gmail.com,15256
